﻿<?xml version="1.0" encoding="utf-8" standalone="yes"?>
<Record>
  <Item File="C:\Users\sonny\Documents\Apowersoft\ApowerREC\20200804_080933.mp4" Size="1259470" Duration="52" RecPriority="2" Bitrate="0" Fps="24" ShowMoreUrl="" />
  <Item File="C:\Users\sonny\Documents\Apowersoft\ApowerREC\20200804_080805.mp4" Size="456849" Duration="16" RecPriority="2" Bitrate="0" Fps="24" ShowMoreUrl="" />
  <Item File="C:\Users\sonny\Documents\Apowersoft\ApowerREC\20200803_230108.mp4" Size="250843" Duration="7" RecPriority="2" Bitrate="0" Fps="24" ShowMoreUrl="" />
  <Item File="C:\Users\sonny\Documents\Apowersoft\ApowerREC\20200803_223732.mp4" Size="477707" Duration="11" RecPriority="2" Bitrate="0" Fps="24" ShowMoreUrl="" />
  <Item File="C:\Users\sonny\Documents\Apowersoft\ApowerREC\20200803_223633.mp4" Size="319617" Duration="8" RecPriority="2" Bitrate="0" Fps="24" ShowMoreUrl="" />
  <Item File="C:\Users\sonny\Documents\Apowersoft\ApowerREC\20200803_223539.mp4" Size="794876" Duration="14" RecPriority="2" Bitrate="0" Fps="24" ShowMoreUrl="" />
  <Item File="C:\Users\sonny\Documents\Apowersoft\ApowerREC\20200803_223233.mp4" Size="371828" Duration="11" RecPriority="2" Bitrate="0" Fps="24" ShowMoreUrl="" />
  <Item File="C:\Users\sonny\Documents\Apowersoft\ApowerREC\20200803_223138.mp4" Size="304912" Duration="9" RecPriority="2" Bitrate="0" Fps="24" ShowMoreUrl="" />
  <Item File="C:\Users\sonny\Documents\Apowersoft\ApowerREC\20200803_222943.mp4" Size="707231" Duration="14" RecPriority="2" Bitrate="0" Fps="24" ShowMoreUrl="" />
</Record>